BOM ID,Member internalid,Line ID,Item source,Member Quantity,Effective Date,Obsolete Date,Units
422690,291543,1,Stock , 1.00000000 ,14/08/2025,14/08/2025,Sales quantity
422690,344417,2,Stock , 1.00000000 ,14/08/2025,14/08/2025,Test
422690,291544,3,Stock , 1.00000000 ,14/08/2025,14/08/2025,Sales quantity
422690,211438,4,Stock , 0.00100000 ,14/08/2025,14/08/2025,Test
422690,211443,5,Stock , 0.00100000 ,14/08/2025,14/08/2025,Test
422690,211595,6,Stock , 1.00000000 ,14/08/2025,14/08/2025,Test
422690,291546,7,Stock , 1.00000000 ,14/08/2025,14/08/2025,Sales quantity
422690,200902,8,Stock , 0.80357143 ,14/08/2025,14/08/2025,Test
422690,211443,9,Stock , 0.00300000 ,14/08/2025,14/08/2025,Test
422690,291547,10,Stock , 1.00000000 ,14/08/2025,14/08/2025,Sales quantity
422690,200902,11,Stock , 0.01041667 ,14/08/2025,,Test
422690,211443,12,Stock , 0.00300000 ,14/08/2025,14/08/2025,Test
422690,291544,13,Stock , 1.00000000 ,14/08/2025,14/08/2025,Sales quantity
422690,211438,14,Stock , 0.00100000 ,14/08/2025,14/08/2025,Test
422690,211443,15,Stock , 0.00100000 ,14/08/2025,14/08/2025,Test
422690,211595,16,Stock , 1.00000000 ,14/08/2025,14/08/2025,Test
422690,291546,17,Stock , 1.00000000 ,14/08/2025,14/08/2025,Sales quantity
422690,200902,18,Stock , 0.80357143 ,14/08/2025,14/08/2025,Test
422690,211443,19,Stock , 0.07714286 ,14/08/2025,14/08/2025,Test
422690,291547,20,Stock , 1.00000000 ,14/08/2025,14/08/2025,Sales quantity
422690,200902,21,Stock , 0.01041667 ,14/08/2025,,Test
422690,211443,22,Stock , 0.00300000 ,14/08/2025,14/08/2025,Test
422704,291543,1,Stock , 1.00000000 ,14/08/2025,14/08/2025,Sales quantity
422704,344417,2,Stock , 1.00000000 ,14/08/2025,14/08/2025,Test
422704,291544,3,Stock , 1.00000000 ,14/08/2025,14/08/2025,Sales quantity
422704,211438,4,Stock , 0.02571429 ,14/08/2025,14/08/2025,Test
422704,211443,5,Stock , 0.02571429 ,14/08/2025,14/08/2025,Test
422704,211595,6,Stock , 25.71428571 ,14/08/2025,14/08/2025,Test
422704,291546,7,Stock , 1.00000000 ,14/08/2025,14/08/2025,Sales quantity
422704,200883,8,Stock , 0.80357143 ,14/08/2025,14/08/2025,Test
422704,211443,9,Stock , 0.07714286 ,14/08/2025,14/08/2025,Test
422704,291547,10,Stock , 1.00000000 ,14/08/2025,14/08/2025,Sales quantity
422704,200883,11,Stock , 0.01041667 ,14/08/2025,,Test
422704,211443,12,Stock , 0.07714286 ,14/08/2025,14/08/2025,Test
422704,291544,13,Stock , 1.00000000 ,14/08/2025,14/08/2025,Sales quantity
422704,211438,14,Stock , 0.02571429 ,14/08/2025,14/08/2025,Test
422704,211443,15,Stock , 0.02571429 ,14/08/2025,14/08/2025,Test
422704,211595,16,Stock , 25.71428571 ,14/08/2025,14/08/2025,Test
422704,291546,17,Stock , 1.00000000 ,14/08/2025,14/08/2025,Sales quantity
422704,200883,18,Stock , 0.80357143 ,14/08/2025,14/08/2025,Test
422704,211443,19,Stock , 0.07714286 ,14/08/2025,14/08/2025,Test
422704,291547,20,Stock , 1.00000000 ,14/08/2025,14/08/2025,Sales quantity
422704,200883,21,Stock , 0.01041667 ,14/08/2025,,Test
422704,211443,22,Stock , 0.07714286 ,14/08/2025,14/08/2025,Test
422694,291543,1,Stock , 1.00000000 ,14/08/2025,14/08/2025,Sales quantity
422694,344417,2,Stock , 1.00000000 ,14/08/2025,14/08/2025,Test
422694,291547,3,Stock , 1.00000000 ,14/08/2025,14/08/2025,Sales quantity
422694,285633,4,Stock , 0.04000000 ,14/08/2025,,Test
422694,285632,5,Stock , 0.04000000 ,14/08/2025,,Test
422696,291543,1,Stock , 1.00000000 ,14/08/2025,14/08/2025,Sales quantity
422696,348256,2,Stock , 1.00000000 ,14/08/2025,14/08/2025,Test
422696,291544,3,Stock , 1.00000000 ,14/08/2025,14/08/2025,Sales quantity
422696,212047,4,Stock , 0.14400000 ,14/08/2025,14/08/2025,Test
422696,211627,5,Stock , 0.07200000 ,14/08/2025,14/08/2025,Test
422696,343416,6,Stock , 0.14400000 ,14/08/2025,14/08/2025,Test
422696,291546,7,Stock , 1.00000000 ,14/08/2025,14/08/2025,Sales quantity
422696,157565,8,Stock , 0.01000000 ,14/08/2025,14/08/2025,Test
422696,200755,9,Stock , 0.20833333 ,14/08/2025,14/08/2025,Test
422696,116928,10,Stock , 0.01232877 ,14/08/2025,14/08/2025,Test
422696,227148,11,Stock , 0.14693878 ,14/08/2025,14/08/2025,Test
422696,211408,12,Stock , 0.00980449 ,14/08/2025,14/08/2025,Test
422696,291547,13,Stock , 1.00000000 ,14/08/2025,14/08/2025,Sales quantity
422696,227148,14,Stock , 0.00244898 ,14/08/2025,,Test
422696,211408,15,Stock , 0.00016341 ,14/08/2025,,Test
422696,157565,16,Stock , 0.00016667 ,14/08/2025,,Test
422696,116928,17,Stock , 0.00020548 ,14/08/2025,,Test
422696,291544,18,Stock , 1.00000000 ,14/08/2025,14/08/2025,Sales quantity
422696,212047,19,Stock , 0.14400000 ,14/08/2025,14/08/2025,Test
422696,211627,20,Stock , 0.07200000 ,14/08/2025,14/08/2025,Test
422696,343416,21,Stock , 0.14400000 ,14/08/2025,14/08/2025,Test
422696,291546,22,Stock , 1.00000000 ,14/08/2025,14/08/2025,Sales quantity
422696,200755,23,Stock , 0.20833333 ,14/08/2025,14/08/2025,Test
422696,157565,24,Stock , 0.01000000 ,14/08/2025,14/08/2025,Test
422696,204980,25,Stock , 0.0019607843 ,14/08/2025,14/08/2025,Test
422696,405558,26,Stock , 0.02844828 ,14/08/2025,14/08/2025,Test
422696,116928,27,Stock , 0.00821918 ,14/08/2025,14/08/2025,Test
422696,291547,28,Stock , 1.00000000 ,14/08/2025,14/08/2025,Sales quantity
422696,204980,29,Stock , 0.0009803922 ,14/08/2025,14/08/2025,Test
422696,405558,30,Stock , 0.00047414 ,14/08/2025,,Test
422696,157565,31,Stock , 0.00016667 ,14/08/2025,,Test
422696,116928,32,Stock , 0.00013699 ,14/08/2025,,Test
422696,291544,33,Stock , 1.00000000 ,14/08/2025,14/08/2025,Sales quantity
422696,212047,34,Stock , 0.14400000 ,14/08/2025,14/08/2025,Test
422696,211627,35,Stock , 0.07200000 ,14/08/2025,14/08/2025,Test
422696,343416,36,Stock , 0.14400000 ,14/08/2025,14/08/2025,Test
422696,291546,37,Stock , 1.00000000 ,14/08/2025,14/08/2025,Sales quantity
422696,200755,38,Stock , 0.20833333 ,14/08/2025,14/08/2025,Test
422696,200755,39,Stock , 0.41666667 ,14/08/2025,14/08/2025,Test
422696,157565,40,Stock , 0.01000000 ,14/08/2025,14/08/2025,Test
422696,200754,41,Stock , 0.07610994 ,14/08/2025,14/08/2025,Test
422696,202095,42,Stock , 0.02659574 ,14/08/2025,14/08/2025,Test
422696,116928,43,Stock , 0.01304348 ,14/08/2025,14/08/2025,Test
422696,116929,44,Stock , 0.01241135 ,14/08/2025,14/08/2025,Test
422696,291547,45,Stock , 1.00000000 ,14/08/2025,14/08/2025,Sales quantity
422696,200754,46,Stock , 0.00126850 ,14/08/2025,,Test
422696,202095,47,Stock , 0.00044326 ,14/08/2025,,Test
422696,157565,48,Stock , 0.00016667 ,14/08/2025,,Test
422696,116928,49,Stock , 0.00020548 ,14/08/2025,,Test
422696,116929,50,Stock , 0.00019943 ,14/08/2025,,Test
422696,291548,51,Stock , 1.00000000 ,14/08/2025,14/08/2025,Sales quantity
422696,116928,52,Stock , 1.61815068 ,14/08/2025,14/08/2025,Test
422696,116929,53,Stock , 6.73076923 ,14/08/2025,14/08/2025,Test
422696,291548,54,Stock , 1.00000000 ,14/08/2025,14/08/2025,Sales quantity
422696,116928,55,Stock , 0.05136986 ,14/08/2025,14/08/2025,Test
422696,116929,56,Stock , 0.15384615 ,14/08/2025,14/08/2025,Test
422696,157565,57,Stock , 0.01500000 ,14/08/2025,14/08/2025,Test
422692,291543,1,Stock , 1.00000000 ,14/08/2025,14/08/2025,Sales quantity
422692,344417,2,Stock , 1.00000000 ,14/08/2025,14/08/2025,Test
422692,291545,3,Stock , 1.00000000 ,14/08/2025,14/08/2025,Sales quantity
422692,236785,4,Stock , 0.00576923 ,14/08/2025,14/08/2025,Test
422692,236778,5,Stock , 0.21000000 ,14/08/2025,14/08/2025,Test
422692,373534,6,Stock , 0.00105000 ,14/08/2025,14/08/2025,Test
422692,211443,7,Stock , 0.00300000 ,14/08/2025,14/08/2025,Test
422692,211439,8,Stock , 0.00300000 ,14/08/2025,14/08/2025,Test
422692,116748,9,Stock , 0.00180000 ,14/08/2025,14/08/2025,Test
422692,116747,10,Stock , 0.00108000 ,14/08/2025,14/08/2025,Test
422692,116749,11,Stock , 0.00111504 ,14/08/2025,14/08/2025,Test
422692,116718,12,Stock , 0.00031858 ,14/08/2025,14/08/2025,Test
422692,291546,13,Stock , 1.00000000 ,14/08/2025,14/08/2025,Sales quantity
422692,236785,14,Stock , 0.05769231 ,14/08/2025,14/08/2025,Test
422692,193204,15,Stock , 0.62500000 ,14/08/2025,14/08/2025,Test
422692,193205,16,Stock , 0.62500000 ,14/08/2025,14/08/2025,Test
422692,211443,17,Stock , 0.18000000 ,14/08/2025,14/08/2025,Test
422692,211627,18,Stock , 0.18000000 ,14/08/2025,14/08/2025,Test
422692,116748,19,Stock , 0.01800000 ,14/08/2025,14/08/2025,Test
422692,116747,20,Stock , 0.01080000 ,14/08/2025,14/08/2025,Test
422692,116749,21,Stock , 0.01115044 ,14/08/2025,14/08/2025,Test
422692,116718,22,Stock , 0.00318584 ,14/08/2025,14/08/2025,Test
422692,291547,23,Stock , 1.00000000 ,14/08/2025,14/08/2025,Sales quantity
422692,236785,24,Stock , 0.00032051 ,14/08/2025,,Test
422692,116748,25,Stock , 0.00010000 ,14/08/2025,,Test
422692,116747,26,Stock , 0.00006000 ,14/08/2025,,Test
422692,116749,27,Stock , 0.00006195 ,14/08/2025,,Test
422692,116718,28,Stock , 0.00001770 ,14/08/2025,,Test
422692,291547,29,Stock , 1.00000000 ,14/08/2025,14/08/2025,Sales quantity
422692,211490,30,Stock , 0.00033333 ,14/08/2025,14/08/2025,Test
422692,211443,31,Stock , 0.06000000 ,14/08/2025,14/08/2025,Test
422692,211627,32,Stock , 0.06000000 ,14/08/2025,14/08/2025,Test
422692,291545,33,Stock , 1.00000000 ,14/08/2025,14/08/2025,Sales quantity
422692,236788,34,Stock , 0.00576923 ,14/08/2025,14/08/2025,Test
422692,373534,35,Stock , 0.00105000 ,14/08/2025,14/08/2025,Test
422692,236778,36,Stock , 0.21000000 ,14/08/2025,14/08/2025,Test
422692,211443,37,Stock , 0.00300000 ,14/08/2025,14/08/2025,Test
422692,211439,38,Stock , 0.00300000 ,14/08/2025,14/08/2025,Test
422692,116748,39,Stock , 0.00180000 ,14/08/2025,14/08/2025,Test
422692,116747,40,Stock , 0.00108000 ,14/08/2025,14/08/2025,Test
422692,116749,41,Stock , 0.0011150442 ,14/08/2025,14/08/2025,Test
422692,116718,42,Stock , 0.00031858 ,14/08/2025,14/08/2025,Test
422692,291546,43,Stock , 1.00000000 ,14/08/2025,14/08/2025,Sales quantity
422692,236788,44,Stock , 0.05769231 ,14/08/2025,14/08/2025,Test
422692,193204,45,Stock , 0.62500000 ,14/08/2025,14/08/2025,Test
422692,193205,46,Stock , 0.62500000 ,14/08/2025,14/08/2025,Test
422692,211443,47,Stock , 0.18000000 ,14/08/2025,14/08/2025,Test
422692,211627,48,Stock , 0.18000000 ,14/08/2025,14/08/2025,Test
422692,116748,49,Stock , 0.01800000 ,14/08/2025,14/08/2025,Test
422692,116747,50,Stock , 0.01080000 ,14/08/2025,14/08/2025,Test
422692,116749,51,Stock , 0.01115044 ,14/08/2025,14/08/2025,Test
422692,116718,52,Stock , 0.00318584 ,14/08/2025,14/08/2025,Test
422692,291547,53,Stock , 1.00000000 ,14/08/2025,14/08/2025,Sales quantity
422692,236788,54,Stock , 0.00032051 ,14/08/2025,,Test
422692,116748,55,Stock , 0.00010000 ,14/08/2025,,Test
422692,116747,56,Stock , 0.00006000 ,14/08/2025,,Test
422692,116749,57,Stock , 0.00006195 ,14/08/2025,,Test
422692,116718,58,Stock , 0.00001770 ,14/08/2025,,Test
422698,291543,1,Stock , 1.00000000 ,14/08/2025,14/08/2025,Sales quantity
422698,344417,2,Stock , 1.00000000 ,14/08/2025,14/08/2025,Test
422698,291545,3,Stock , 1.00000000 ,14/08/2025,14/08/2025,Sales quantity
422698,236786,4,Stock , 0.00800000 ,14/08/2025,14/08/2025,Test
422698,373534,5,Stock , 0.00140000 ,14/08/2025,14/08/2025,Test
422698,236778,6,Stock , 0.56000000 ,14/08/2025,14/08/2025,Test
422698,211443,7,Stock , 0.00400000 ,14/08/2025,14/08/2025,Test
422698,211439,8,Stock , 0.00400000 ,14/08/2025,14/08/2025,Test
422698,116748,9,Stock , 0.00360000 ,14/08/2025,14/08/2025,Test
422698,116747,10,Stock , 0.00216000 ,14/08/2025,14/08/2025,Test
422698,116749,11,Stock , 0.00223009 ,14/08/2025,14/08/2025,Test
422698,116718,12,Stock , 0.00063717 ,14/08/2025,14/08/2025,Test
422698,291546,13,Stock , 1.00000000 ,14/08/2025,14/08/2025,Sales quantity
422698,236786,14,Stock , 0.02666667 ,14/08/2025,14/08/2025,Test
422698,193204,15,Stock , 0.41666667 ,14/08/2025,14/08/2025,Test
422698,193205,16,Stock , 0.41666667 ,14/08/2025,14/08/2025,Test
422698,211443,17,Stock , 0.12000000 ,14/08/2025,14/08/2025,Test
422698,211627,18,Stock , 0.12000000 ,14/08/2025,14/08/2025,Test
422698,116748,19,Stock , 0.01200000 ,14/08/2025,14/08/2025,Test
422698,116747,20,Stock , 0.00720000 ,14/08/2025,14/08/2025,Test
422698,116749,21,Stock , 0.00743363 ,14/08/2025,14/08/2025,Test
422698,116718,22,Stock , 0.00212389 ,14/08/2025,14/08/2025,Test
422698,291547,23,Stock , 1.00000000 ,14/08/2025,14/08/2025,Sales quantity
422698,236786,24,Stock , 0.00022222 ,14/08/2025,,Test
422698,116748,25,Stock , 0.00010000 ,14/08/2025,,Test
422698,116747,26,Stock , 0.00006000 ,14/08/2025,,Test
422698,116749,27,Stock , 0.00006195 ,14/08/2025,,Test
422698,116718,28,Stock , 0.00001770 ,14/08/2025,,Test
422698,291547,29,Stock , 1.00000000 ,14/08/2025,14/08/2025,Sales quantity
422698,211443,30,Stock , 0.06000000 ,14/08/2025,14/08/2025,Test
422698,211627,31,Stock , 0.06000000 ,14/08/2025,14/08/2025,Test
422698,291545,32,Stock , 1.00000000 ,14/08/2025,14/08/2025,Sales quantity
422698,194673,33,Stock , 0.00276923 ,14/08/2025,14/08/2025,Test
422698,193178,34,Stock , 1.33333333 ,14/08/2025,14/08/2025,Test
422698,373534,35,Stock , 0.00120000 ,14/08/2025,14/08/2025,Test
422698,211443,36,Stock , 0.00800000 ,14/08/2025,14/08/2025,Test
422698,211439,37,Stock , 0.00800000 ,14/08/2025,14/08/2025,Test
422698,116748,38,Stock , 0.00360000 ,14/08/2025,14/08/2025,Test
422698,116747,39,Stock , 0.00216000 ,14/08/2025,14/08/2025,Test
422698,116749,40,Stock , 0.00223009 ,14/08/2025,14/08/2025,Test
422698,116718,41,Stock , 0.00063717 ,14/08/2025,14/08/2025,Test
422698,291546,42,Stock , 1.00000000 ,14/08/2025,14/08/2025,Sales quantity
422698,194673,43,Stock , 0.00923077 ,14/08/2025,14/08/2025,Test
422698,193204,44,Stock , 0.41666667 ,14/08/2025,14/08/2025,Test
422698,193205,45,Stock , 0.41666667 ,14/08/2025,14/08/2025,Test
422698,211443,46,Stock , 0.12000000 ,14/08/2025,14/08/2025,Test
422698,211627,47,Stock , 0.12000000 ,14/08/2025,14/08/2025,Test
422698,116748,48,Stock , 0.01200000 ,14/08/2025,14/08/2025,Test
422698,116747,49,Stock , 0.00720000 ,14/08/2025,14/08/2025,Test
422698,116749,50,Stock , 0.00743363 ,14/08/2025,14/08/2025,Test
422698,116718,51,Stock , 0.00212389 ,14/08/2025,14/08/2025,Test
422698,291547,52,Stock , 1.00000000 ,14/08/2025,14/08/2025,Sales quantity
422698,194673,53,Stock , 0.00007692 ,14/08/2025,,Test
422698,116748,54,Stock , 0.00010000 ,14/08/2025,,Test
422698,116747,55,Stock , 0.00006000 ,14/08/2025,,Test
422698,116749,56,Stock , 0.00006195 ,14/08/2025,,Test
422698,116718,57,Stock , 0.00001770 ,14/08/2025,,Test
422698,291548,58,Stock , 1.00000000 ,14/08/2025,14/08/2025,Sales quantity
422698,116749,59,Stock , 0.00371681 ,14/08/2025,14/08/2025,Test
422698,116750,60,Stock , 0.01831858 ,14/08/2025,14/08/2025,Test
422698,116751,61,Stock , 0.17250000 ,14/08/2025,14/08/2025,Test
422698,116718,62,Stock , 0.00106195 ,14/08/2025,14/08/2025,Test
422698,291548,63,Stock , 1.00000000 ,14/08/2025,14/08/2025,Sales quantity
422698,116748,64,Stock , 0.00085714 ,14/08/2025,14/08/2025,Test
422698,116747,65,Stock , 0.00051429 ,14/08/2025,14/08/2025,Test
422698,116718,66,Stock , 0.00015171 ,14/08/2025,14/08/2025,Test
422700,291543,1,Stock , 1.00000000 ,14/08/2025,14/08/2025,Sales quantity
422700,344417,2,Stock , 1.00000000 ,14/08/2025,14/08/2025,Test
422700,291545,3,Stock , 1.00000000 ,14/08/2025,14/08/2025,Sales quantity
422700,200741,4,Stock , 0.03000000 ,14/08/2025,14/08/2025,Test
422700,193256,5,Stock , 0.25000000 ,14/08/2025,14/08/2025,Test
422700,211443,6,Stock , 0.00200000 ,14/08/2025,14/08/2025,Test
422700,211439,7,Stock , 0.00200000 ,14/08/2025,14/08/2025,Test
422700,116737,8,Stock , 0.00120000 ,14/08/2025,14/08/2025,Test
422700,116738,9,Stock , 0.00051077 ,14/08/2025,14/08/2025,Test
422700,116739,10,Stock , 0.00500000 ,14/08/2025,14/08/2025,Test
422700,211489,11,Stock , 0.00150000 ,14/08/2025,14/08/2025,Test
422700,291546,12,Stock , 1.00000000 ,14/08/2025,14/08/2025,Sales quantity
422700,200741,13,Stock , 0.17142857 ,14/08/2025,14/08/2025,Test
422700,193257,14,Stock , 0.57142857 ,14/08/2025,14/08/2025,Test
422700,211443,15,Stock , 0.03428571 ,14/08/2025,14/08/2025,Test
422700,211627,16,Stock , 0.03428571 ,14/08/2025,14/08/2025,Test
422700,116737,17,Stock , 0.00685714 ,14/08/2025,14/08/2025,Test
422700,116738,18,Stock , 0.00291868 ,14/08/2025,14/08/2025,Test
422700,116739,19,Stock , 0.02857143 ,14/08/2025,14/08/2025,Test
422700,211489,20,Stock , 0.00857143 ,14/08/2025,14/08/2025,Test
422700,291547,21,Stock , 1.00000000 ,14/08/2025,14/08/2025,Sales quantity
422700,200741,22,Stock , 0.00500000 ,14/08/2025,,Test
422700,116737,23,Stock , 0.00020000 ,14/08/2025,,Test
422700,116738,24,Stock , 0.00008513 ,14/08/2025,,Test
422700,116739,25,Stock , 0.00083333 ,14/08/2025,,Test
422700,211489,26,Stock , 0.00025000 ,14/08/2025,,Test
422700,291547,27,Stock , 1.00000000 ,14/08/2025,14/08/2025,Sales quantity
422700,211443,28,Stock , 1.80000000 ,14/08/2025,14/08/2025,Test
422700,211439,29,Stock , 1.80000000 ,14/08/2025,14/08/2025,Test
422700,291545,30,Stock , 1.00000000 ,14/08/2025,14/08/2025,Sales quantity
422700,194743,31,Stock , 0.00500000 ,14/08/2025,14/08/2025,Test
422700,193298,32,Stock , 0.33333333 ,14/08/2025,14/08/2025,Test
422700,211443,33,Stock , 0.00200000 ,14/08/2025,14/08/2025,Test
422700,211439,34,Stock , 0.00200000 ,14/08/2025,14/08/2025,Test
422700,116737,35,Stock , 0.00120000 ,14/08/2025,14/08/2025,Test
422700,116738,36,Stock , 0.00051077 ,14/08/2025,14/08/2025,Test
422700,116739,37,Stock , 0.00500000 ,14/08/2025,14/08/2025,Test
422700,211489,38,Stock , 0.00150000 ,14/08/2025,14/08/2025,Test
422700,291546,39,Stock , 1.00000000 ,14/08/2025,14/08/2025,Sales quantity
422700,194743,40,Stock , 0.20000000 ,14/08/2025,14/08/2025,Test
422700,193299,41,Stock , 2.00000000 ,14/08/2025,14/08/2025,Test
422700,211443,42,Stock , 0.24000000 ,14/08/2025,14/08/2025,Test
422700,211439,43,Stock , 0.24000000 ,14/08/2025,14/08/2025,Test
422700,116737,44,Stock , 0.04800000 ,14/08/2025,14/08/2025,Test
422700,116738,45,Stock , 0.02043077 ,14/08/2025,14/08/2025,Test
422700,116739,46,Stock , 0.20000000 ,14/08/2025,14/08/2025,Test
422700,211489,47,Stock , 0.06000000 ,14/08/2025,14/08/2025,Test
422700,291547,48,Stock , 1.00000000 ,14/08/2025,14/08/2025,Sales quantity
422700,194743,49,Stock , 0.00083333 ,14/08/2025,,Test
422700,116737,50,Stock , 0.00020000 ,14/08/2025,,Test
422700,116738,51,Stock , 0.00008513 ,14/08/2025,,Test
422700,116739,52,Stock , 0.00083333 ,14/08/2025,,Test
422700,211489,53,Stock , 0.00025000 ,14/08/2025,,Test
422700,291548,54,Stock , 1.00000000 ,14/08/2025,14/08/2025,Sales quantity
422700,116739,55,Stock , 0.03835500 ,14/08/2025,14/08/2025,Test
422700,116738,56,Stock , 0.00510769 ,14/08/2025,14/08/2025,Test
422700,116716,57,Stock , 0.62500000 ,14/08/2025,14/08/2025,Test
422700,116737,58,Stock , 0.00972308 ,14/08/2025,14/08/2025,Test
422700,291547,59,Stock , 1.00000000 ,14/08/2025,14/08/2025,Sales quantity
422700,211490,60,Stock , 0.00033333 ,14/08/2025,14/08/2025,Test
422700,268605,61,Stock , 1.00000000 ,14/08/2025,14/08/2025,Test
422700,334104,62,Stock , 0.30000000 ,14/08/2025,14/08/2025,Test
422700,331502,63,Stock , 0.39062500 ,14/08/2025,14/08/2025,Test
422700,291545,64,Stock , 1.00000000 ,14/08/2025,14/08/2025,Sales quantity
422700,410780,65,Stock , 0.00033333 ,14/08/2025,14/08/2025,Test
422700,153878,66,Stock , 0.00052910 ,14/08/2025,14/08/2025,Test
422700,317060,67,Stock , 0.00266667 ,14/08/2025,14/08/2025,Test
422700,351384,68,Stock , 0.00200000 ,14/08/2025,14/08/2025,Test
422700,317059,69,Stock , 0.00250000 ,14/08/2025,14/08/2025,Test
422700,211627,70,Stock , 0.00200000 ,14/08/2025,14/08/2025,Test
422700,211443,71,Stock , 0.00200000 ,14/08/2025,14/08/2025,Test
422700,291546,72,Stock , 1.00000000 ,14/08/2025,14/08/2025,Sales quantity
422700,410780,73,Stock , 0.00142857 ,14/08/2025,14/08/2025,Test
422700,383882,74,Stock , 0.26785714 ,14/08/2025,14/08/2025,Test
422700,153878,75,Stock , 0.00226757 ,14/08/2025,14/08/2025,Test
422700,317060,76,Stock , 0.01142857 ,14/08/2025,14/08/2025,Test
422700,351384,77,Stock , 0.00857143 ,14/08/2025,14/08/2025,Test
422700,317059,78,Stock , 0.01071429 ,14/08/2025,14/08/2025,Test
422700,211627,79,Stock , 0.00857143 ,14/08/2025,14/08/2025,Test
422700,211443,80,Stock , 0.00857143 ,14/08/2025,14/08/2025,Test
422700,291547,81,Stock , 1.00000000 ,14/08/2025,14/08/2025,Sales quantity
422700,410780,82,Stock , 0.00016667 ,14/08/2025,,Test
422700,153878,83,Stock , 0.00026455 ,14/08/2025,,Test
422700,317060,84,Stock , 0.00133333 ,14/08/2025,,Test
422700,351384,85,Stock , 0.00100000 ,14/08/2025,,Test
422700,317059,86,Stock , 0.00125000 ,14/08/2025,,Test
422700,291548,87,Stock , 1.00000000 ,14/08/2025,14/08/2025,Sales quantity
422700,351384,88,Stock , 0.03000000 ,14/08/2025,14/08/2025,Test
422700,317059,89,Stock , 0.03750000 ,14/08/2025,14/08/2025,Test
422700,154461,90,Stock , 0.00600000 ,14/08/2025,14/08/2025,Test
422700,291548,91,Stock , 1.00000000 ,14/08/2025,14/08/2025,Sales quantity
422700,351384,92,Stock , 0.00100000 ,14/08/2025,14/08/2025,Test
422700,317059,93,Stock , 0.00125000 ,14/08/2025,14/08/2025,Test
422700,154461,94,Stock , 0.00020000 ,14/08/2025,14/08/2025,Test
422702,291543,1,Stock , 1.00000000 ,14/08/2025,14/08/2025,Sales quantity
422702,344417,2,Stock , 1.00000000 ,14/08/2025,14/08/2025,Test
422702,291545,3,Stock , 1.00000000 ,14/08/2025,14/08/2025,Sales quantity
422702,201236,4,Stock , 0.06000000 ,14/08/2025,14/08/2025,Test
422702,193331,5,Stock , 0.12500000 ,14/08/2025,14/08/2025,Test
422702,211443,6,Stock , 0.00600000 ,14/08/2025,14/08/2025,Test
422702,211439,7,Stock , 0.00600000 ,14/08/2025,14/08/2025,Test
422702,116737,8,Stock , 0.00240000 ,14/08/2025,14/08/2025,Test
422702,116738,9,Stock , 0.00102154 ,14/08/2025,14/08/2025,Test
422702,116739,10,Stock , 0.01000000 ,14/08/2025,14/08/2025,Test
422702,211489,11,Stock , 0.00300000 ,14/08/2025,14/08/2025,Test
422702,291546,12,Stock , 1.00000000 ,14/08/2025,14/08/2025,Sales quantity
422702,201236,13,Stock , 0.06428571 ,14/08/2025,14/08/2025,Test
422702,193332,14,Stock , 0.14285714 ,14/08/2025,14/08/2025,Test
422702,211443,15,Stock , 0.01285714 ,14/08/2025,14/08/2025,Test
422702,211627,16,Stock , 0.01285714 ,14/08/2025,14/08/2025,Test
422702,116737,17,Stock , 0.00257143 ,14/08/2025,14/08/2025,Test
422702,116738,18,Stock , 0.00109451 ,14/08/2025,14/08/2025,Test
422702,116739,19,Stock , 0.01071429 ,14/08/2025,14/08/2025,Test
422702,211489,20,Stock , 0.00321429 ,14/08/2025,14/08/2025,Test
422702,291547,21,Stock , 1.00000000 ,14/08/2025,14/08/2025,Sales quantity
422702,201236,22,Stock , 0.00500000 ,14/08/2025,,Test
422702,116737,23,Stock , 0.00020000 ,14/08/2025,,Test
422702,116738,24,Stock , 0.00008513 ,14/08/2025,,Test
422702,116739,25,Stock , 0.00083333 ,14/08/2025,,Test
422702,211489,26,Stock , 0.00025000 ,14/08/2025,,Test
422702,291547,27,Stock , 1.00000000 ,14/08/2025,14/08/2025,Sales quantity
422702,211443,28,Stock , 1.80000000 ,14/08/2025,14/08/2025,Test
422702,211439,29,Stock , 1.80000000 ,14/08/2025,14/08/2025,Test
422702,291545,30,Stock , 1.00000000 ,14/08/2025,14/08/2025,Sales quantity
422702,200898,31,Stock , 0.01500000 ,14/08/2025,14/08/2025,Test
422702,193333,32,Stock , 0.12500000 ,14/08/2025,14/08/2025,Test
422702,211443,33,Stock , 0.00100000 ,14/08/2025,14/08/2025,Test
422702,211439,34,Stock , 0.00100000 ,14/08/2025,14/08/2025,Test
422702,116737,35,Stock , 0.00060000 ,14/08/2025,14/08/2025,Test
422702,116738,36,Stock , 0.00025538 ,14/08/2025,14/08/2025,Test
422702,116739,37,Stock , 0.00250000 ,14/08/2025,14/08/2025,Test
422702,211489,38,Stock , 0.00075000 ,14/08/2025,14/08/2025,Test
422702,291546,39,Stock , 1.00000000 ,14/08/2025,14/08/2025,Sales quantity
422702,200898,40,Stock , 0.04285714 ,14/08/2025,14/08/2025,Test
422702,193334,41,Stock , 0.26785714 ,14/08/2025,14/08/2025,Test
422702,211443,42,Stock , 0.00857143 ,14/08/2025,14/08/2025,Test
422702,211627,43,Stock , 0.00857143 ,14/08/2025,14/08/2025,Test
422702,116737,44,Stock , 0.00171429 ,14/08/2025,14/08/2025,Test
422702,116738,45,Stock , 0.00072967 ,14/08/2025,14/08/2025,Test
422702,116739,46,Stock , 0.00714286 ,14/08/2025,14/08/2025,Test
422702,211489,47,Stock , 0.00214286 ,14/08/2025,14/08/2025,Test
422702,291547,48,Stock , 1.00000000 ,14/08/2025,14/08/2025,Sales quantity
422702,200898,49,Stock , 0.00500000 ,14/08/2025,,Test
422702,116737,50,Stock , 0.00020000 ,14/08/2025,,Test
422702,116738,51,Stock , 0.00008513 ,14/08/2025,,Test
422702,116739,52,Stock , 0.00083333 ,14/08/2025,,Test
422702,211489,53,Stock , 0.00025000 ,14/08/2025,,Test
422702,291548,54,Stock , 1.00000000 ,14/08/2025,14/08/2025,Sales quantity
422702,116739,55,Stock , 0.01917750 ,14/08/2025,14/08/2025,Test
422702,116738,56,Stock , 0.00255385 ,14/08/2025,14/08/2025,Test
422702,116716,57,Stock , 0.31250000 ,14/08/2025,14/08/2025,Test
422702,116737,58,Stock , 0.00486154 ,14/08/2025,14/08/2025,Test
